{
  "TableViewConfig": {
    "Resources": {
      "Term": {
        "Signifier": { "name": "Asset Name"},
		"Id": { "name": "AssetId" },
		"StringAttribute": [
          {
            "LongExpression": {
              "name": "Data Type"
            },
            "labelId": "00000000-0000-0000-0000-000000000219"
          },
		  {
            "LongExpression": {
              "name": "Description"
            },
            "labelId": "00000000-0000-0000-0000-000000003114"
          }
        ],
		"Attribute": {
			"name": "attribute1",
			"value": { "name": "Attribute Value", "stripHtml": true  },
			"AttributeType": {
				"name": "attributetype1",
				"signifier": { "name" : "Attribute Type"}
				}
		},
		"ConceptType": {
			"Signifier": { "name": "Asset Type"}
		},
		"Vocabulary": {
          "name": "vocabulary1",
          "Name": {
            "name": "Domain"
          },
          "Community": {
            "name": "community1",
            "Name": {
              "name": "Community"
            }
          }
        },
		"Relation": {
			"type" : "TARGET",
            "Source": {
			"Signifier": { "name": "Sources" }
		  }
		},
        "Filter": {
		"Field": {
                "name": "Community",
                "operator": "NOT_IN",
                "values": [ "Admin Community", "Business Analysts Community", "Data Governance Council" ]
              }
		},
		"Order": [
          { "Field": { "name": "Asset Type", "order": "ASC" } }
        ]
      }
    },
    "Columns": [
	  {
        "Column": {
          "fieldName": "Asset Name"
        }
      },
	   {
        "Column": {
          "fieldName": "Community"
        }
      },	  
      {
        "Column": {
          "fieldName": "Domain"
        }
      },
	  {
        "Column": {
          "fieldName": "Asset Type"
        }
      },	  
     	  {
        "Column": {
          "fieldName": "Sources"
        }
      },
	  {
        "Column": {
          "fieldName": "Attribute Type"
        }
      },
	  {
        "Column": {
          "fieldName": "Attribute Value"
        }
      }
    ]
  }
}